{"routers": [{"router": "R5", "ip": "192.168.0.1", "usuarios": [["admin", "root"]], "vecinos": ["R2", "R1"], "interfaces": ["2/1", "2/0"]}, {"router": "R2", "ip": "10.10.10.13", "usuarios": [["admin", "root"]], "vecinos": ["R3", "R6", "R5"], "interfaces": ["1/1", "2/0", "2/1"]}, {"router": "R3", "ip": "10.10.10.5", "usuarios": [["admin", "root"]], "vecinos": ["ISP", "R2", "R1"], "interfaces": ["0/0", "1/1", "1/0"]}, {"router": "R1", "ip": "10.10.10.2", "usuarios": [["admin", "root"]], "vecinos": ["R3", "R6", "R5"], "interfaces": ["1/0", "2/1", "2/0"]}, {"router": "R6", "ip": "10.10.10.10", "usuarios": [["admin", "root"]], "vecinos": [], "interfaces": []}]}